{"cameraMode":{"drawMode":0,"name":"Shaded","section":"Shading Mode"},"sceneLighting":true,"audioPlay":false,"sceneViewState":{"showFog":true,"showMaterialUpdate":false,"showSkybox":true,"showFlares":true,"showImageEffects":true,"showParticleSystems":true},"in2DMode":false,"pivot":{"x":2.913367986679077,"y":0.0,"z":6.9538655281066898},"rotation":{"x":0.7066960334777832,"y":-0.004234003368765116,"z":0.004259669687598944,"w":0.707524299621582},"size":12.693990707397461,"orthographic":false}